Fish_ID,Site,Date_sampled,Exposure,Days_in_river,Cs_intestine_PCR_binary,Max_Cs_spores_n_L,Mean_water_temp_C,Mean_water_velocity_ms,Fork_length_mm,Mass_g
210301_CMN_F1,CMN,3/1/21,1,0,0,0,10.5,0.01,50,1
210301_CMN_F2,CMN,3/1/21,1,0,0,0,10.5,0.01,54,1.8
210301_CMN_F3,CMN,3/1/21,1,0,0,0,10.5,0.01,55,1.9
210301_CMN_F4,CMN,3/1/21,1,0,0,0,10.5,0.01,55,1.4
210301_CMN_F5,CMN,3/1/21,1,0,0,0,10.5,0.01,50,1
210301_CMN_F6,CMN,3/1/21,1,0,0,0,10.5,0.01,50,1.1
210301_CMN_F7,CMN,3/1/21,1,0,0,0,10.5,0.01,50,1.1
210301_CMN_F8,CMN,3/1/21,1,0,0,0,10.5,0.01,55,1.2
210301_CMN_F9,CMN,3/1/21,1,0,0,0,10.5,0.01,47,0.8
210301_CMN_F10,CMN,3/1/21,1,0,0,0,10.5,0.01,53,1.2
210301_CMN_F11,CMN,3/1/21,1,0,0,0,10.5,0.01,50,1
210301_CMN_F12,CMN,3/1/21,1,0,0,0,10.5,0.01,50,1
210301_CMN_F13,CMN,3/1/21,1,0,0,0,10.5,0.01,52,1
210301_CMN_F14,CMN,3/1/21,1,0,0,0,10.5,0.01,51,1
210301_CMN_F15,CMN,3/1/21,1,0,0,0,10.5,0.01,52,1.3
210302_ORO_F1,ORO,3/2/21,1,0,0,0,11,0.01,56,1.8
210302_ORO_F2,ORO,3/2/21,1,0,0,0,11,0.01,66,3.4
210302_ORO_F3,ORO,3/2/21,1,0,0,0,11,0.01,57,1.8
210302_ORO_F4,ORO,3/2/21,1,0,0,0,11,0.01,60,2.6
210302_ORO_F5,ORO,3/2/21,1,0,0,0,11,0.01,64,2.8
210302_ORO_F6,ORO,3/2/21,1,0,0,0,11,0.01,73,4.4
210302_ORO_F7,ORO,3/2/21,1,0,0,0,11,0.01,60,2
210302_ORO_F8,ORO,3/2/21,1,0,0,0,11,0.01,70,3.6
210302_ORO_F9,ORO,3/2/21,1,0,0,0,11,0.01,63,2.8
210302_ORO_F10,ORO,3/2/21,1,0,0,0,11,0.01,72,3.1
210302_ORO_F11,ORO,3/2/21,1,0,0,0,11,0.01,67,3.5
210302_ORO_F12,ORO,3/2/21,1,0,0,0,11,0.01,65,3.1
210302_ORO_F13,ORO,3/2/21,1,0,0,0,11,0.01,66,3.1
210302_ORO_F14,ORO,3/2/21,1,0,0,0,11,0.01,66,3.1
210302_ORO_F15,ORO,3/2/21,1,0,0,0,11,0.01,64,2.8
210308_RDB_F1,RDB,3/8/21,1,7,0,48.8,11.2,0.78,58,1.7
210308_RDB_F2,RDB,3/8/21,1,7,0,48.8,11.2,0.78,51,1.2
210308_RDB_F3,RDB,3/8/21,1,7,0,48.8,11.2,0.78,47,1
210308_RDB_F4,RDB,3/8/21,1,7,0,48.8,11.2,0.78,52,1.3
210308_RDB_F5,RDB,3/8/21,1,7,0,48.8,11.2,0.78,54,1.4
210308_RDB_F6,RDB,3/8/21,1,7,0,48.8,11.2,0.78,52,1.2
210308_RDB_F7,RDB,3/8/21,1,7,0,48.8,11.2,0.78,51,1.3
210308_RDB_F8,RDB,3/8/21,1,7,0,48.8,11.2,0.78,56,1.5
210308_RDB_F9,RDB,3/8/21,1,7,0,48.8,11.2,0.78,50,1.1
210308_RDB_F10,RDB,3/8/21,1,7,0,48.8,11.2,0.78,51,1.4
210308_RDB_F11,RDB,3/8/21,1,7,0,48.8,11.2,0.78,54,1.5
210308_RDB_F12,RDB,3/8/21,1,7,0,48.8,11.2,0.78,51,1.3
210308_RDB_F13,RDB,3/8/21,1,7,0,48.8,11.2,0.78,54,1.5
210308_RDB_F14,RDB,3/8/21,1,7,0,48.8,11.2,0.78,51,1.4
210308_RDB_F15,RDB,3/8/21,1,7,0,48.8,11.2,0.78,54,1.4
210308_WLK_F1,WLK,3/8/21,1,7,0,3,12.7,0.75,43,0.8
210308_WLK_F2,WLK,3/8/21,1,7,0,3,12.7,0.75,53,1
210308_WLK_F3,WLK,3/8/21,1,7,0,3,12.7,0.75,49,1.1
210308_WLK_F4,WLK,3/8/21,1,7,0,3,12.7,0.75,53,1.3
210308_WLK_F5,WLK,3/8/21,1,7,0,3,12.7,0.75,55,1.5
210308_WLK_F6,WLK,3/8/21,1,7,0,3,12.7,0.75,55,1.6
210308_WLK_F7,WLK,3/8/21,1,7,0,3,12.7,0.75,57,2
210308_WLK_F8,WLK,3/8/21,1,7,0,3,12.7,0.75,52,1.2
210308_WLK_F9,WLK,3/8/21,1,7,0,3,12.7,0.75,55,1.4
210308_WLK_F10,WLK,3/8/21,1,7,0,3,12.7,0.75,55,1.4
210308_WLK_F11,WLK,3/8/21,1,7,0,3,12.7,0.75,50,1.1
210308_WLK_F12,WLK,3/8/21,1,7,0,3,12.7,0.75,53,1.1
210308_WLK_F13,WLK,3/8/21,1,7,0,3,12.7,0.75,55,1.3
210308_WLK_F14,WLK,3/8/21,1,7,0,3,12.7,0.75,56,1.5
210308_WLK_F15,WLK,3/8/21,1,7,0,3,12.7,0.75,55,1.5
210309_FBL_F1,FBL,3/9/21,1,7,0,48.7,13.6,0.28,64,2.3
210309_FBL_F2,FBL,3/9/21,1,7,0,48.7,13.6,0.28,64,2.2
210309_FBL_F3,FBL,3/9/21,1,7,0,48.7,13.6,0.28,72,3.8
210309_FBL_F4,FBL,3/9/21,1,7,0,48.7,13.6,0.28,68,3
210309_FBL_F5,FBL,3/9/21,1,7,0,48.7,13.6,0.28,68,3.1
210309_FBL_F6,FBL,3/9/21,1,7,1,48.7,13.6,0.28,62,2.4
210309_FBL_F7,FBL,3/9/21,1,7,0,48.7,13.6,0.28,70,3.2
210309_FBL_F8,FBL,3/9/21,1,7,0,48.7,13.6,0.28,60,2.1
210309_FBL_F9,FBL,3/9/21,1,7,0,48.7,13.6,0.28,73,3.7
210309_FBL_F10,FBL,3/9/21,1,7,0,48.7,13.6,0.28,64,2.4
210309_FBL_F11,FBL,3/9/21,1,7,0,48.7,13.6,0.28,63,2.3
210309_FBL_F12,FBL,3/9/21,1,7,0,48.7,13.6,0.28,69,3
210309_FBL_F13,FBL,3/9/21,1,7,0,48.7,13.6,0.28,65,2.6
210309_FBL_F14,FBL,3/9/21,1,7,0,48.7,13.6,0.28,64,2.6
210309_FBL_F15,FBL,3/9/21,1,7,0,48.7,13.6,0.28,66,2.8
210309_GRL_F1,GRL,3/9/21,1,7,0,122,12,0.4,70,3.1
210309_GRL_F2,GRL,3/9/21,1,7,0,122,12,0.4,66,2.5
210309_GRL_F3,GRL,3/9/21,1,7,0,122,12,0.4,60,1.7
210309_GRL_F4,GRL,3/9/21,1,7,0,122,12,0.4,60,1.6
210309_GRL_F5,GRL,3/9/21,1,7,0,122,12,0.4,60,2
210309_GRL_F6,GRL,3/9/21,1,7,0,122,12,0.4,63,2.4
210309_GRL_F7,GRL,3/9/21,1,7,0,122,12,0.4,64,2.4
210309_GRL_F8,GRL,3/9/21,1,7,0,122,12,0.4,59,1.8
210309_GRL_F9,GRL,3/9/21,1,7,0,122,12,0.4,64,2.3
210309_GRL_F10,GRL,3/9/21,1,7,0,122,12,0.4,70,3.4
210309_GRL_F11,GRL,3/9/21,1,7,0,122,12,0.4,62,2.2
210309_GRL_F12,GRL,3/9/21,1,7,0,122,12,0.4,66,2.6
210309_GRL_F13,GRL,3/9/21,1,7,0,122,12,0.4,68,2.5
210309_GRL_F14,GRL,3/9/21,1,7,0,122,12,0.4,69,3.3
210309_GRL_F15,GRL,3/9/21,1,7,0,122,12,0.4,67,2.8
210315_RDB_F1,RDB,3/15/21,1,14,1,48.8,10.8,0.79,54,1.5
210315_RDB_F2,RDB,3/15/21,1,14,1,48.8,10.8,0.79,43,0.8
210315_RDB_F3,RDB,3/15/21,1,14,1,48.8,10.8,0.79,49,1.2
210315_RDB_F4,RDB,3/15/21,1,14,1,48.8,10.8,0.79,52,1.5
210315_RDB_F5,RDB,3/15/21,1,14,1,48.8,10.8,0.79,58,1.9
210315_RDB_F6,RDB,3/15/21,1,14,1,48.8,10.8,0.79,47,1
210315_RDB_F7,RDB,3/15/21,1,14,1,48.8,10.8,0.79,52,1.3
210315_RDB_F8,RDB,3/15/21,1,14,1,48.8,10.8,0.79,48,1.2
210315_RDB_F9,RDB,3/15/21,1,14,1,48.8,10.8,0.79,48,0.9
210315_RDB_F10,RDB,3/15/21,1,14,1,48.8,10.8,0.79,50,0.8
210315_RDB_F11,RDB,3/15/21,1,14,1,48.8,10.8,0.79,53,1.2
210315_RDB_F12,RDB,3/15/21,1,14,1,48.8,10.8,0.79,53,1.8
210315_RDB_F13,RDB,3/15/21,1,14,1,48.8,10.8,0.79,55,1.3
210315_RDB_F14,RDB,3/15/21,1,14,1,48.8,10.8,0.79,55,1.6
210315_RDB_F15,RDB,3/15/21,1,14,1,48.8,10.8,0.79,52,1
210315_WLK_F1,WLK,3/15/21,1,14,0,3,12.5,0.75,52,1.3
210315_WLK_F2,WLK,3/15/21,1,14,1,3,12.5,0.75,50,1
210315_WLK_F3,WLK,3/15/21,1,14,0,3,12.5,0.75,54,1.4
210315_WLK_F4,WLK,3/15/21,1,14,1,3,12.5,0.75,54,1.4
210315_WLK_F5,WLK,3/15/21,1,14,1,3,12.5,0.75,56,1.4
210315_WLK_F6,WLK,3/15/21,1,14,0,3,12.5,0.75,52,1.3
210315_WLK_F7,WLK,3/15/21,1,14,1,3,12.5,0.75,51,1.2
210315_WLK_F8,WLK,3/15/21,1,14,1,3,12.5,0.75,52,1.3
210315_WLK_F9,WLK,3/15/21,1,14,1,3,12.5,0.75,55,1.4
210315_WLK_F10,WLK,3/15/21,1,14,1,3,12.5,0.75,51,1.3
210315_WLK_F11,WLK,3/15/21,1,14,1,3,12.5,0.75,55,1.6
210315_WLK_F12,WLK,3/15/21,1,14,1,3,12.5,0.75,53,1.4
210315_WLK_F13,WLK,3/15/21,1,14,1,3,12.5,0.75,51,1.2
210315_WLK_F14,WLK,3/15/21,1,14,1,3,12.5,0.75,58,1.7
210315_WLK_F15,WLK,3/15/21,1,14,1,3,12.5,0.75,57,1.8
210316_FBL_F1,FBL,3/16/21,1,14,1,48.7,13.1,0.28,60,2
210316_FBL_F2,FBL,3/16/21,1,14,1,48.7,13.1,0.28,60,2
210316_FBL_F3,FBL,3/16/21,1,14,1,48.7,13.1,0.28,71,3.6
210316_FBL_F4,FBL,3/16/21,1,14,1,48.7,13.1,0.28,60,2
210316_FBL_F5,FBL,3/16/21,1,14,1,48.7,13.1,0.28,66,2.6
210316_FBL_F6,FBL,3/16/21,1,14,1,48.7,13.1,0.28,59,1.9
210316_FBL_F7,FBL,3/16/21,1,14,1,48.7,13.1,0.28,57,1.8
210316_FBL_F8,FBL,3/16/21,1,14,1,48.7,13.1,0.28,59,2.8
210316_FBL_F9,FBL,3/16/21,1,14,1,48.7,13.1,0.28,66,2.8
210316_FBL_F10,FBL,3/16/21,1,14,1,48.7,13.1,0.28,63,2.4
210316_FBL_F11,FBL,3/16/21,1,14,1,48.7,13.1,0.28,67,2.9
210316_FBL_F12,FBL,3/16/21,1,14,1,48.7,13.1,0.28,63,2.3
210316_FBL_F13,FBL,3/16/21,1,14,1,48.7,13.1,0.28,67,3
210316_FBL_F14,FBL,3/16/21,1,14,1,48.7,13.1,0.28,60,2
210316_FBL_F15,FBL,3/16/21,1,14,1,48.7,13.1,0.28,58,1.7
210316_GRL_F1,GRL,3/16/21,1,14,1,122,11.6,0.4,57,1.5
210316_GRL_F2,GRL,3/16/21,1,14,1,122,11.6,0.4,54,1.3
210316_GRL_F3,GRL,3/16/21,1,14,1,122,11.6,0.4,64,2.6
210316_GRL_F4,GRL,3/16/21,1,14,1,122,11.6,0.4,70,3.2
210316_GRL_F5,GRL,3/16/21,1,14,1,122,11.6,0.4,70,2.5
210316_GRL_F6,GRL,3/16/21,1,14,1,122,11.6,0.4,68,2.8
210316_GRL_F7,GRL,3/16/21,1,14,1,122,11.6,0.4,58,1.8
210316_GRL_F8,GRL,3/16/21,1,14,1,122,11.6,0.4,62,2.2
210316_GRL_F9,GRL,3/16/21,1,14,1,122,11.6,0.4,58,1.8
210316_GRL_F10,GRL,3/16/21,1,14,0,122,11.6,0.4,54,1.4
210316_GRL_F11,GRL,3/16/21,1,14,1,122,11.6,0.4,61,2.4
210316_GRL_F12,GRL,3/16/21,1,14,1,122,11.6,0.4,61,2.4
210316_GRL_F13,GRL,3/16/21,1,14,1,122,11.6,0.4,66,2.6
210316_GRL_F14,GRL,3/16/21,1,14,1,122,11.6,0.4,64,2.4
210316_GRL_F15,GRL,3/16/21,1,14,0,122,11.6,0.4,65,2.3
210329_ORO_F1,ORO,3/29/21,2,0,0,0,11.5,0.01,67,3.2
210329_ORO_F2,ORO,3/29/21,2,0,0,0,11.5,0.01,66,3.2
210329_ORO_F3,ORO,3/29/21,2,0,1,0,11.5,0.01,62,2.5
210329_ORO_F4,ORO,3/29/21,2,0,0,0,11.5,0.01,59,2
210329_ORO_F5,ORO,3/29/21,2,0,0,0,11.5,0.01,62,2.7
210329_ORO_F6,ORO,3/29/21,2,0,0,0,11.5,0.01,75,4.7
210329_ORO_F7,ORO,3/29/21,2,0,0,0,11.5,0.01,72,4.1
210329_ORO_F8,ORO,3/29/21,2,0,0,0,11.5,0.01,62,2.5
210329_ORO_F9,ORO,3/29/21,2,0,0,0,11.5,0.01,60,2.3
210329_ORO_F10,ORO,3/29/21,2,0,0,0,11.5,0.01,76,4.3
210329_ORO_F11,ORO,3/29/21,2,0,0,0,11.5,0.01,68,3.7
210329_ORO_F12,ORO,3/29/21,2,0,0,0,11.5,0.01,72,4.1
210329_ORO_F13,ORO,3/29/21,2,0,0,0,11.5,0.01,70,3.9
210329_ORO_F14,ORO,3/29/21,2,0,0,0,11.5,0.01,70,4.3
210329_ORO_F15,ORO,3/29/21,2,0,0,0,11.5,0.01,72,3.2
210330_CMN_F1,CMN,3/30/21,2,0,0,0,11.5,0.01,56,2
210330_CMN_F2,CMN,3/30/21,2,0,0,0,11.5,0.01,65,2.9
210330_CMN_F3,CMN,3/30/21,2,0,0,0,11.5,0.01,60,2.2
210330_CMN_F4,CMN,3/30/21,2,0,0,0,11.5,0.01,62,2.9
210330_CMN_F5,CMN,3/30/21,2,0,0,0,11.5,0.01,64,3.3
210330_CMN_F6,CMN,3/30/21,2,0,0,0,11.5,0.01,64,3.5
210330_CMN_F7,CMN,3/30/21,2,0,0,0,11.5,0.01,61,2.7
210330_CMN_F8,CMN,3/30/21,2,0,0,0,11.5,0.01,67,3.2
210330_CMN_F9,CMN,3/30/21,2,0,0,0,11.5,0.01,62,2.6
210330_CMN_F10,CMN,3/30/21,2,0,0,0,11.5,0.01,63,3
210330_CMN_F11,CMN,3/30/21,2,0,0,0,11.5,0.01,60,2.8
210330_CMN_F12,CMN,3/30/21,2,0,0,0,11.5,0.01,67,3.6
210330_CMN_F13,CMN,3/30/21,2,0,0,0,11.5,0.01,67,3.6
210330_CMN_F14,CMN,3/30/21,2,0,0,0,11.5,0.01,66,3.5
210330_CMN_F15,CMN,3/30/21,2,0,0,0,11.5,0.01,68,3.7
210405_FBL_F1,FBL,4/5/21,2,7,1,30.6,16.6,0.28,62,3
210405_FBL_F2,FBL,4/5/21,2,7,1,30.6,16.6,0.28,59,2.9
210405_FBL_F3,FBL,4/5/21,2,7,1,30.6,16.6,0.28,60,2.5
210405_FBL_F4,FBL,4/5/21,2,7,0,30.6,16.6,0.28,70,4.7
210405_FBL_F5,FBL,4/5/21,2,7,1,30.6,16.6,0.28,70,4.1
210405_FBL_F6,FBL,4/5/21,2,7,1,30.6,16.6,0.28,65,3.2
210405_FBL_F7,FBL,4/5/21,2,7,1,30.6,16.6,0.28,70,4.3
210405_FBL_F8,FBL,4/5/21,2,7,1,30.6,16.6,0.28,64,3.2
210405_FBL_F9,FBL,4/5/21,2,7,1,30.6,16.6,0.28,70,4.1
210405_FBL_F10,FBL,4/5/21,2,7,1,30.6,16.6,0.28,70,3.8
210405_FBL_F11,FBL,4/5/21,2,7,1,30.6,16.6,0.28,63,2.9
210405_FBL_F12,FBL,4/5/21,2,7,1,30.6,16.6,0.28,67,3.2
210405_FBL_F13,FBL,4/5/21,2,7,1,30.6,16.6,0.28,70,4
210405_FBL_F14,FBL,4/5/21,2,7,1,30.6,16.6,0.28,73,4.2
210405_FBL_F15,FBL,4/5/21,2,7,1,30.6,16.6,0.28,62,2.5
210405_GRL_F1,GRL,4/5/21,2,7,1,52.8,14.9,0.41,76,4.3
210405_GRL_F2,GRL,4/5/21,2,7,1,52.8,14.9,0.41,75,2.8
210405_GRL_F3,GRL,4/5/21,2,7,1,52.8,14.9,0.41,69,3
210405_GRL_F4,GRL,4/5/21,2,7,1,52.8,14.9,0.41,75,4.1
210405_GRL_F5,GRL,4/5/21,2,7,1,52.8,14.9,0.41,69,3.1
210405_GRL_F6,GRL,4/5/21,2,7,1,52.8,14.9,0.41,73,3.7
210405_GRL_F7,GRL,4/5/21,2,7,1,52.8,14.9,0.41,73,4.2
210405_GRL_F8,GRL,4/5/21,2,7,1,52.8,14.9,0.41,75,3.9
210405_GRL_F9,GRL,4/5/21,2,7,1,52.8,14.9,0.41,75,3.6
210405_GRL_F10,GRL,4/5/21,2,7,1,52.8,14.9,0.41,75,3.9
210405_GRL_F11,GRL,4/5/21,2,7,1,52.8,14.9,0.41,74,4.1
210405_GRL_F12,GRL,4/5/21,2,7,1,52.8,14.9,0.41,73,3.6
210405_GRL_F13,GRL,4/5/21,2,7,1,52.8,14.9,0.41,74,4.1
210405_GRL_F14,GRL,4/5/21,2,7,1,52.8,14.9,0.41,72,3.9
210405_GRL_F15,GRL,4/5/21,2,7,1,52.8,14.9,0.41,75,4.4
210406_RDB_F1,RDB,4/6/21,2,7,0,39.9,13.6,0.8,60,2.5
210406_RDB_F2,RDB,4/6/21,2,7,1,39.9,13.6,0.8,68,3.2
210406_RDB_F3,RDB,4/6/21,2,7,0,39.9,13.6,0.8,46,0.7
210406_RDB_F4,RDB,4/6/21,2,7,0,39.9,13.6,0.8,70,4
210406_RDB_F5,RDB,4/6/21,2,7,0,39.9,13.6,0.8,64,2.4
210406_RDB_F6,RDB,4/6/21,2,7,0,39.9,13.6,0.8,68,3.4
210406_RDB_F7,RDB,4/6/21,2,7,0,39.9,13.6,0.8,62,2.4
210406_RDB_F8,RDB,4/6/21,2,7,0,39.9,13.6,0.8,62,2.3
210406_RDB_F9,RDB,4/6/21,2,7,0,39.9,13.6,0.8,62,2.7
210406_RDB_F10,RDB,4/6/21,2,7,0,39.9,13.6,0.8,60,1.9
210406_RDB_F11,RDB,4/6/21,2,7,0,39.9,13.6,0.8,69,2.9
210406_RDB_F12,RDB,4/6/21,2,7,0,39.9,13.6,0.8,60,2
210406_RDB_F13,RDB,4/6/21,2,7,1,39.9,13.6,0.8,67,2.9
210406_RDB_F14,RDB,4/6/21,2,7,0,39.9,13.6,0.8,68,3.4
210406_RDB_F15,RDB,4/6/21,2,7,0,39.9,13.6,0.8,63,2.3
210406_WLK_F1,WLK,4/6/21,2,7,0,2.8,16.4,0.76,66,2.8
210406_WLK_F2,WLK,4/6/21,2,7,0,2.8,16.4,0.76,65,2.6
210406_WLK_F3,WLK,4/6/21,2,7,0,2.8,16.4,0.76,62,2.2
210406_WLK_F4,WLK,4/6/21,2,7,0,2.8,16.4,0.76,62,3.1
210406_WLK_F5,WLK,4/6/21,2,7,1,2.8,16.4,0.76,65,2.6
210406_WLK_F6,WLK,4/6/21,2,7,0,2.8,16.4,0.76,62,2.1
210406_WLK_F7,WLK,4/6/21,2,7,0,2.8,16.4,0.76,66,2.8
210406_WLK_F8,WLK,4/6/21,2,7,0,2.8,16.4,0.76,65,2.4
210406_WLK_F9,WLK,4/6/21,2,7,0,2.8,16.4,0.76,64,2.3
210406_WLK_F10,WLK,4/6/21,2,7,0,2.8,16.4,0.76,64,2.3
210406_WLK_F11,WLK,4/6/21,2,7,1,2.8,16.4,0.76,61,2.1
210406_WLK_F12,WLK,4/6/21,2,7,0,2.8,16.4,0.76,63,2.3
210406_WLK_F13,WLK,4/6/21,2,7,0,2.8,16.4,0.76,65,2.7
210406_WLK_F14,WLK,4/6/21,2,7,1,2.8,16.4,0.76,65,2.4
210406_WLK_F15,WLK,4/6/21,2,7,0,2.8,16.4,0.76,68,3.1
210412_FBL_F1,FBL,4/12/21,2,14,1,30.6,17.1,0.28,63,2
210412_FBL_F2,FBL,4/12/21,2,14,1,30.6,17.1,0.28,69,3.3
210412_FBL_F3,FBL,4/12/21,2,14,1,30.6,17.1,0.28,72,3.7
210412_FBL_F4,FBL,4/12/21,2,14,1,30.6,17.1,0.28,72,3.6
210412_FBL_F5,FBL,4/12/21,2,14,1,30.6,17.1,0.28,65,2.7
210412_FBL_F6,FBL,4/12/21,2,14,1,30.6,17.1,0.28,72,3.2
210412_FBL_F7,FBL,4/12/21,2,14,1,30.6,17.1,0.28,80,4.9
210412_FBL_F8,FBL,4/12/21,2,14,1,30.6,17.1,0.28,68,3.1
210412_FBL_F9,FBL,4/12/21,2,14,1,30.6,17.1,0.28,74,3.9
210412_FBL_F10,FBL,4/12/21,2,14,1,30.6,17.1,0.28,85,5.6
210412_FBL_F11,FBL,4/12/21,2,14,1,30.6,17.1,0.28,66,2.9
210412_FBL_F12,FBL,4/12/21,2,14,1,30.6,17.1,0.28,78,4.9
210412_FBL_F13,FBL,4/12/21,2,14,1,30.6,17.1,0.28,70,3.5
210412_FBL_F14,FBL,4/12/21,2,14,1,30.6,17.1,0.28,70,3
210412_FBL_F15,FBL,4/12/21,2,14,1,30.6,17.1,0.28,62,2.1
210412_GRL_F1,GRL,4/12/21,2,14,1,52.8,15.4,0.41,77,4.3
210412_GRL_F2,GRL,4/12/21,2,14,1,52.8,15.4,0.41,72,3.5
210412_GRL_F3,GRL,4/12/21,2,14,1,52.8,15.4,0.41,72,3.9
210412_GRL_F4,GRL,4/12/21,2,14,1,52.8,15.4,0.41,65,2.7
210412_GRL_F5,GRL,4/12/21,2,14,1,52.8,15.4,0.41,70,3.2
210412_GRL_F6,GRL,4/12/21,2,14,1,52.8,15.4,0.41,72,3.6
210412_GRL_F7,GRL,4/12/21,2,14,1,52.8,15.4,0.41,68,3.2
210412_GRL_F8,GRL,4/12/21,2,14,1,52.8,15.4,0.41,72,3.3
210412_GRL_F9,GRL,4/12/21,2,14,1,52.8,15.4,0.41,73,3.4
210412_GRL_F10,GRL,4/12/21,2,14,1,52.8,15.4,0.41,71,3.3
210412_GRL_F11,GRL,4/12/21,2,14,1,52.8,15.4,0.41,74,3.7
210412_GRL_F12,GRL,4/12/21,2,14,1,52.8,15.4,0.41,75,3.9
210412_GRL_F13,GRL,4/12/21,2,14,1,52.8,15.4,0.41,73,3.5
210412_GRL_F14,GRL,4/12/21,2,14,1,52.8,15.4,0.41,71,3.8
210412_GRL_F15,GRL,4/12/21,2,14,1,52.8,15.4,0.41,65,2.5
210413_RDB_F1,RDB,4/13/21,2,14,1,39.9,13.8,0.81,76,4.6
210413_RDB_F2,RDB,4/13/21,2,14,1,39.9,13.8,0.81,73,4.6
210413_RDB_F3,RDB,4/13/21,2,14,1,39.9,13.8,0.81,70,3.9
210413_RDB_F4,RDB,4/13/21,2,14,1,39.9,13.8,0.81,75,4.3
210413_RDB_F5,RDB,4/13/21,2,14,1,39.9,13.8,0.81,78,3.6
210413_RDB_F6,RDB,4/13/21,2,14,1,39.9,13.8,0.81,57,1.9
210413_RDB_F7,RDB,4/13/21,2,14,1,39.9,13.8,0.81,54,1.6
210413_RDB_F8,RDB,4/13/21,2,14,1,39.9,13.8,0.81,64,2.4
210413_RDB_F9,RDB,4/13/21,2,14,1,39.9,13.8,0.81,67,2.9
210413_RDB_F10,RDB,4/13/21,2,14,1,39.9,13.8,0.81,62,2.4
210413_RDB_F11,RDB,4/13/21,2,14,1,39.9,13.8,0.81,64,2.4
210413_RDB_F12,RDB,4/13/21,2,14,1,39.9,13.8,0.81,62,2.4
210413_RDB_F13,RDB,4/13/21,2,14,1,39.9,13.8,0.81,60,2.1
210413_RDB_F14,RDB,4/13/21,2,14,1,39.9,13.8,0.81,63,2.4
210413_RDB_F15,RDB,4/13/21,2,14,1,39.9,13.8,0.81,65,2.6
210413_WLK_F1,WLK,4/13/21,2,14,1,2.8,17.1,0.76,63,2
210413_WLK_F2,WLK,4/13/21,2,14,1,2.8,17.1,0.76,63,2.5
210413_WLK_F3,WLK,4/13/21,2,14,1,2.8,17.1,0.76,70,3.3
210413_WLK_F4,WLK,4/13/21,2,14,1,2.8,17.1,0.76,67,2.6
210413_WLK_F5,WLK,4/13/21,2,14,1,2.8,17.1,0.76,58,1.9
210413_WLK_F6,WLK,4/13/21,2,14,1,2.8,17.1,0.76,67,2.9
210413_WLK_F7,WLK,4/13/21,2,14,1,2.8,17.1,0.76,64,2.7
210413_WLK_F8,WLK,4/13/21,2,14,1,2.8,17.1,0.76,61,2.3
210413_WLK_F9,WLK,4/13/21,2,14,1,2.8,17.1,0.76,64,2.4
210413_WLK_F10,WLK,4/13/21,2,14,1,2.8,17.1,0.76,62,2.2
210413_WLK_F11,WLK,4/13/21,2,14,1,2.8,17.1,0.76,63,2.2
210413_WLK_F12,WLK,4/13/21,2,14,1,2.8,17.1,0.76,60,1.9
210413_WLK_F13,WLK,4/13/21,2,14,1,2.8,17.1,0.76,69,2.9
210413_WLK_F14,WLK,4/13/21,2,14,0,2.8,17.1,0.76,57,1.8
210413_WLK_F15,WLK,4/13/21,2,14,1,2.8,17.1,0.76,66,2.9
210426_ORO_F1,ORO,4/26/21,3,0,0,0,12.5,0.01,79,6.1
210426_ORO_F2,ORO,4/26/21,3,0,0,0,12.5,0.01,87,7.8
210426_ORO_F3,ORO,4/26/21,3,0,0,0,12.5,0.01,78,5.7
210426_ORO_F4,ORO,4/26/21,3,0,0,0,12.5,0.01,79,5.9
210426_ORO_F5,ORO,4/26/21,3,0,0,0,12.5,0.01,75,NA
210426_ORO_F6,ORO,4/26/21,3,0,0,0,12.5,0.01,70,NA
210426_ORO_F7,ORO,4/26/21,3,0,0,0,12.5,0.01,75,5.8
210426_ORO_F8,ORO,4/26/21,3,0,0,0,12.5,0.01,75,6.2
210426_ORO_F9,ORO,4/26/21,3,0,0,0,12.5,0.01,79,6.6
210426_ORO_F10,ORO,4/26/21,3,0,0,0,12.5,0.01,77,7.7
210426_ORO_F11,ORO,4/26/21,3,0,0,0,12.5,0.01,71,4.9
210426_ORO_F12,ORO,4/26/21,3,0,0,0,12.5,0.01,79,7.3
210426_ORO_F13,ORO,4/26/21,3,0,0,0,12.5,0.01,71,6.2
210426_ORO_F14,ORO,4/26/21,3,0,0,0,12.5,0.01,76,5.5
210426_ORO_F15,ORO,4/26/21,3,0,0,0,12.5,0.01,77,6.7
210427_CMN_F1,CMN,4/27/21,3,0,0,0,13.5,0.01,71,3.5
210427_CMN_F2,CMN,4/27/21,3,0,0,0,13.5,0.01,65,2.7
210427_CMN_F3,CMN,4/27/21,3,0,0,0,13.5,0.01,67,2.8
210427_CMN_F4,CMN,4/27/21,3,0,0,0,13.5,0.01,69,3.3
210427_CMN_F5,CMN,4/27/21,3,0,0,0,13.5,0.01,73,3.9
210427_CMN_F6,CMN,4/27/21,3,0,0,0,13.5,0.01,74,3.9
210427_CMN_F7,CMN,4/27/21,3,0,0,0,13.5,0.01,69,2.9
210427_CMN_F8,CMN,4/27/21,3,0,0,0,13.5,0.01,67,2.9
210427_CMN_F9,CMN,4/27/21,3,0,0,0,13.5,0.01,73,3.8
210427_CMN_F10,CMN,4/27/21,3,0,0,0,13.5,0.01,72,3.7
210427_CMN_F11,CMN,4/27/21,3,0,0,0,13.5,0.01,72,3.7
210427_CMN_F12,CMN,4/27/21,3,0,0,0,13.5,0.01,63,2
210427_CMN_F13,CMN,4/27/21,3,0,0,0,13.5,0.01,78,4.9
210427_CMN_F14,CMN,4/27/21,3,0,0,0,13.5,0.01,75,3.9
210427_CMN_F15,CMN,4/27/21,3,0,0,0,13.5,0.01,63,2.9
210503_FBL_F1,FBL,5/3/21,3,7,1,6.9,18.3,0.28,64,2.8
210503_FBL_F2,FBL,5/3/21,3,7,1,6.9,18.3,0.28,83,5.7
210503_FBL_F3,FBL,5/3/21,3,7,1,6.9,18.3,0.28,82,5.5
210503_FBL_F4,FBL,5/3/21,3,7,1,6.9,18.3,0.28,79,4.9
210503_FBL_F5,FBL,5/3/21,3,7,1,6.9,18.3,0.28,83,5.2
210503_FBL_F6,FBL,5/3/21,3,7,1,6.9,18.3,0.28,82,5.5
210503_FBL_F7,FBL,5/3/21,3,7,1,6.9,18.3,0.28,82,5.3
210503_FBL_F8,FBL,5/3/21,3,7,1,6.9,18.3,0.28,83,5.9
210503_FBL_F9,FBL,5/3/21,3,7,1,6.9,18.3,0.28,79,4.9
210503_FBL_F10,FBL,5/3/21,3,7,1,6.9,18.3,0.28,85,5.7
210503_FBL_F11,FBL,5/3/21,3,7,1,6.9,18.3,0.28,88,7
210503_FBL_F12,FBL,5/3/21,3,7,1,6.9,18.3,0.28,83,6.1
210503_FBL_F13,FBL,5/3/21,3,7,1,6.9,18.3,0.28,87,6.9
210503_FBL_F14,FBL,5/3/21,3,7,1,6.9,18.3,0.28,72,3.5
210503_FBL_F15,FBL,5/3/21,3,7,1,6.9,18.3,0.28,75,3.9
210503_GRL_F1,GRL,5/3/21,3,7,1,49.1,17.1,0.4,85,6.2
210503_GRL_F2,GRL,5/3/21,3,7,1,49.1,17.1,0.4,75,4.3
210503_GRL_F3,GRL,5/3/21,3,7,1,49.1,17.1,0.4,89,6.7
210503_GRL_F4,GRL,5/3/21,3,7,1,49.1,17.1,0.4,85,6.2
210503_GRL_F5,GRL,5/3/21,3,7,1,49.1,17.1,0.4,81,5.2
210503_GRL_F6,GRL,5/3/21,3,7,1,49.1,17.1,0.4,87,6.8
210503_GRL_F7,GRL,5/3/21,3,7,1,49.1,17.1,0.4,61,2.4
210503_GRL_F8,GRL,5/3/21,3,7,1,49.1,17.1,0.4,88,7.1
210503_GRL_F9,GRL,5/3/21,3,7,1,49.1,17.1,0.4,76,4.6
210503_GRL_F10,GRL,5/3/21,3,7,1,49.1,17.1,0.4,93,9
210503_GRL_F11,GRL,5/3/21,3,7,1,49.1,17.1,0.4,80,4.8
210503_GRL_F12,GRL,5/3/21,3,7,1,49.1,17.1,0.4,79,5.1
210503_GRL_F13,GRL,5/3/21,3,7,1,49.1,17.1,0.4,78,5
210503_GRL_F14,GRL,5/3/21,3,7,1,49.1,17.1,0.4,73,3.7
210503_GRL_F15,GRL,5/3/21,3,7,1,49.1,17.1,0.4,87,6.8
210504_RDB_F1,RDB,5/4/21,3,7,1,35.6,16.3,0.88,75,4.8
210504_RDB_F2,RDB,5/4/21,3,7,1,35.6,16.3,0.88,65,3.3
210504_RDB_F3,RDB,5/4/21,3,7,1,35.6,16.3,0.88,72,4.2
210504_RDB_F4,RDB,5/4/21,3,7,1,35.6,16.3,0.88,85,7.7
210504_RDB_F5,RDB,5/4/21,3,7,1,35.6,16.3,0.88,72,3.8
210504_RDB_F6,RDB,5/4/21,3,7,1,35.6,16.3,0.88,68,2.9
210504_RDB_F7,RDB,5/4/21,3,7,1,35.6,16.3,0.88,69,2.9
210504_RDB_F8,RDB,5/4/21,3,7,1,35.6,16.3,0.88,71,3.6
210504_RDB_F9,RDB,5/4/21,3,7,1,35.6,16.3,0.88,74,4.1
210504_RDB_F10,RDB,5/4/21,3,7,1,35.6,16.3,0.88,54,1.5
210504_RDB_F11,RDB,5/4/21,3,7,1,35.6,16.3,0.88,66,2.5
210504_RDB_F12,RDB,5/4/21,3,7,1,35.6,16.3,0.88,68,3.1
210504_RDB_F13,RDB,5/4/21,3,7,1,35.6,16.3,0.88,65,2.3
210504_RDB_F14,RDB,5/4/21,3,7,1,35.6,16.3,0.88,68,2.2
210504_RDB_F15,RDB,5/4/21,3,7,0,35.6,16.3,0.88,68,2.4
210504_WLK_F1,WLK,5/4/21,3,7,0,3.1,19.2,0.72,56,2.3
210504_WLK_F2,WLK,5/4/21,3,7,0,3.1,19.2,0.72,65,2.8
210504_WLK_F3,WLK,5/4/21,3,7,0,3.1,19.2,0.72,65,2.9
210504_WLK_F4,WLK,5/4/21,3,7,0,3.1,19.2,0.72,65,3.1
210504_WLK_F5,WLK,5/4/21,3,7,1,3.1,19.2,0.72,72,4
210504_WLK_F6,WLK,5/4/21,3,7,1,3.1,19.2,0.72,55,2
210504_WLK_F7,WLK,5/4/21,3,7,0,3.1,19.2,0.72,54,3.5
210504_WLK_F8,WLK,5/4/21,3,7,1,3.1,19.2,0.72,61,2.4
210504_WLK_F9,WLK,5/4/21,3,7,1,3.1,19.2,0.72,67,3.3
210504_WLK_F10,WLK,5/4/21,3,7,0,3.1,19.2,0.72,75,5.3
210504_WLK_F11,WLK,5/4/21,3,7,0,3.1,19.2,0.72,71,3.9
210504_WLK_F12,WLK,5/4/21,3,7,0,3.1,19.2,0.72,70,4.3
210504_WLK_F13,WLK,5/4/21,3,7,1,3.1,19.2,0.72,74,4.5
210504_WLK_F14,WLK,5/4/21,3,7,0,3.1,19.2,0.72,61,2.8
210504_WLK_F15,WLK,5/4/21,3,7,1,3.1,19.2,0.72,62,2.9
210510_FBL_F1,FBL,5/10/21,3,14,1,6.9,18.9,0.28,89,6.5
210510_FBL_F2,FBL,5/10/21,3,14,1,6.9,18.9,0.28,79,4.9
210510_FBL_F3,FBL,5/10/21,3,14,1,6.9,18.9,0.28,88,4.8
210510_FBL_F4,FBL,5/10/21,3,14,1,6.9,18.9,0.28,80,5.1
210510_FBL_F5,FBL,5/10/21,3,14,1,6.9,18.9,0.28,74,3.7
210510_FBL_F6,FBL,5/10/21,3,14,1,6.9,18.9,0.28,73,4
210510_FBL_F7,FBL,5/10/21,3,14,1,6.9,18.9,0.28,75,4.1
210510_FBL_F8,FBL,5/10/21,3,14,1,6.9,18.9,0.28,75,4
210510_FBL_F9,FBL,5/10/21,3,14,1,6.9,18.9,0.28,58,1.6
210510_FBL_F10,FBL,5/10/21,3,14,1,6.9,18.9,0.28,71,3.8
210510_FBL_F11,FBL,5/10/21,3,14,1,6.9,18.9,0.28,80,5.1
210510_FBL_F12,FBL,5/10/21,3,14,1,6.9,18.9,0.28,86,6.5
210510_FBL_F13,FBL,5/10/21,3,14,1,6.9,18.9,0.28,78,4.9
210510_FBL_F14,FBL,5/10/21,3,14,1,6.9,18.9,0.28,64,2
210510_FBL_F15,FBL,5/10/21,3,14,1,6.9,18.9,0.28,78,3
210510_GRL_F1,GRL,5/10/21,3,14,1,49.1,17.8,0.41,82,6.5
210510_GRL_F2,GRL,5/10/21,3,14,1,49.1,17.8,0.41,73,3.9
210510_GRL_F3,GRL,5/10/21,3,14,1,49.1,17.8,0.41,80,5.8
210510_GRL_F4,GRL,5/10/21,3,14,1,49.1,17.8,0.41,77,4.4
210510_GRL_F5,GRL,5/10/21,3,14,1,49.1,17.8,0.41,67,3
210510_GRL_F6,GRL,5/10/21,3,14,1,49.1,17.8,0.41,80,5.8
210510_GRL_F7,GRL,5/10/21,3,14,1,49.1,17.8,0.41,75,4.6
210510_GRL_F8,GRL,5/10/21,3,14,1,49.1,17.8,0.41,89,5
210510_GRL_F9,GRL,5/10/21,3,14,1,49.1,17.8,0.41,82,5.8
210510_GRL_F10,GRL,5/10/21,3,14,1,49.1,17.8,0.41,88,NA
210510_GRL_F11,GRL,5/10/21,3,14,1,49.1,17.8,0.41,77,4.8
210510_GRL_F12,GRL,5/10/21,3,14,1,49.1,17.8,0.41,85,7.6
210510_GRL_F13,GRL,5/10/21,3,14,1,49.1,17.8,0.41,85,6.8
210510_GRL_F14,GRL,5/10/21,3,14,1,49.1,17.8,0.41,75,4.7
210510_GRL_F15,GRL,5/10/21,3,14,1,49.1,17.8,0.41,89,7.4
210511_RDB_F1,RDB,5/11/21,3,14,1,35.6,16.8,0.89,78,5.9
210511_RDB_F2,RDB,5/11/21,3,14,1,35.6,16.8,0.89,73,4.8
210511_RDB_F3,RDB,5/11/21,3,14,1,35.6,16.8,0.89,78,5.1
210511_RDB_F4,RDB,5/11/21,3,14,1,35.6,16.8,0.89,75,4.8
210511_RDB_F5,RDB,5/11/21,3,14,1,35.6,16.8,0.89,75,5.8
210511_RDB_F6,RDB,5/11/21,3,14,1,35.6,16.8,0.89,63,2
210511_RDB_F7,RDB,5/11/21,3,14,1,35.6,16.8,0.89,73,3.5
210511_RDB_F8,RDB,5/11/21,3,14,1,35.6,16.8,0.89,64,2.8
210511_RDB_F9,RDB,5/11/21,3,14,1,35.6,16.8,0.89,70,2.5
210511_RDB_F10,RDB,5/11/21,3,14,1,35.6,16.8,0.89,85,5.4
210511_RDB_F11,RDB,5/11/21,3,14,1,35.6,16.8,0.89,66,2.4
210511_RDB_F12,RDB,5/11/21,3,14,1,35.6,16.8,0.89,74,3.3
210511_RDB_F13,RDB,5/11/21,3,14,1,35.6,16.8,0.89,73,3.6
210511_RDB_F14,RDB,5/11/21,3,14,1,35.6,16.8,0.89,75,4.2
210511_RDB_F15,RDB,5/11/21,3,14,1,35.6,16.8,0.89,73,3.6
210511_WLK_F1,WLK,5/11/21,3,14,1,3.1,19.9,0.73,63,2.9
210511_WLK_F2,WLK,5/11/21,3,14,1,3.1,19.9,0.73,69,3
210511_WLK_F3,WLK,5/11/21,3,14,1,3.1,19.9,0.73,73,3.9
210511_WLK_F4,WLK,5/11/21,3,14,1,3.1,19.9,0.73,74,4.3
210511_WLK_F5,WLK,5/11/21,3,14,1,3.1,19.9,0.73,74,4.1
210511_WLK_F6,WLK,5/11/21,3,14,1,3.1,19.9,0.73,75,4
210511_WLK_F7,WLK,5/11/21,3,14,1,3.1,19.9,0.73,68,2.9
210511_WLK_F8,WLK,5/11/21,3,14,1,3.1,19.9,0.73,67,2.7
210511_WLK_F9,WLK,5/11/21,3,14,1,3.1,19.9,0.73,81,6.3
210511_WLK_F10,WLK,5/11/21,3,14,1,3.1,19.9,0.73,73,3.2